SIM,Tahun
SIM B,2011
SIM A,2015
SIM A,2011
SIM B,2011
SIM A,2012
SIM A,2014
SIM A,2015
SIM A,2014
SIM B,2014
SIM B,2011
SIM B,2012
SIM A,2012
SIM A,2011
SIM B,2014
SIM A,2011
SIM A,2013
SIM A,2012
SIM A,2011
SIM A,2014
SIM A,2013
SIM B,2015
SIM A,2015
SIM A,2012
SIM A,2014
SIM A,2011
SIM B,2011
SIM A,2012
SIM A,2015
SIM B,2015
SIM A,2012
SIM B,2014
SIM B,2011
SIM B,2015
SIM B,2015
SIM A,2012
SIM B,2011
SIM B,2015
SIM A,2014
SIM B,2011
SIM B,2014
SIM B,2015
SIM A,2015
SIM A,2015
SIM A,2011
SIM B,2015
SIM B,2012
SIM A,2012
SIM A,2011
SIM A,2015
SIM A,2014
SIM A,2013
SIM A,2011
SIM B,2014
SIM A,2013
SIM B,2012
SIM A,2012
SIM B,2012
SIM B,2015
SIM A,2015
SIM B,2014
SIM A,2011
SIM A,2011
SIM B,2015
SIM B,2011
SIM B,2014
SIM A,2014
SIM B,2011
SIM B,2011
SIM B,2011
SIM B,2013
SIM B,2014
SIM B,2015
SIM A,2012
SIM A,2015
SIM B,2011
SIM A,2014
SIM A,2013
SIM A,2011
SIM B,2013
SIM B,2013
SIM A,2013
SIM B,2012
SIM A,2015
SIM B,2012
SIM B,2013
SIM B,2014
SIM A,2013
SIM B,2011
SIM B,2015
SIM A,2014
SIM A,2015
SIM B,2013
SIM B,2012
SIM B,2014
SIM A,2011
SIM B,2014
SIM B,2013
SIM A,2012
SIM A,2014
SIM B,2012
